{
   "Town04": [
      -537.019287109375,
      -417.8961181640625,
      0.0,
      435.8958740234375,
      457.75714111328125,
      11.000946044921875
   ],
   "Town06": [
      -392.4933776855469,
      -174.14720153808594,
      0.0,
      694.64794921875,
      434.96490478515625,
      0.1244821548461914
   ],
   "Town03": [
      -258.726318359375,
      -289.6225891113281,
      0.0,
      272.03712463378906,
      229.38528442382812,
      9.008626937866211
   ],
   "Town05": [
      -299.779296875,
      -229.62591552734375,
      0.0,
      232.8135528564453,
      230.8162841796875,
      10.032529830932617
   ],
   "Town07": [
      -226.22705078125,
      -270.593017578125,
      0.0,
      107.6220932006836,
      145.85621643066406,
      9.405640602111816
   ],
   "Town10HD_Opt": [
      -139.66156768798828,
      -93.58621978759766,
      0.0,
      134.9676971435547,
      162.9640350341797,
      3.0597971090173814e-07
   ],
   "Town02": [
      -29.459869384765625,
      83.390625,
      0.0,
      215.74081420898438,
      328.5606994628906,
      3.4969110629390343e-07
   ]
}